"id_customer","tanggal","nama_barang","brand","jumlah_barang","kemasan","harga","revenue","nama_cabang","kota","kategori","bulan"
"CUST55390","2022-01-23","ACYCLOVIR DUS","OGB & PH",2,"DUS",96000,192000,"APOTEK MERDEKA","Bandung","Apotek","January  "
"CUST55700","2022-05-02","ACYCLOVIR DUS","OGB & PH",21,"DUS",96000,2016000,"APOTEK SINAR JAYA","Bekasi","Apotek","May      "
"CUST55586","2022-03-16","ACYCLOVIR DUS","OGB & PH",11,"DUS",96000,1056000,"KLINIK SAHABAT","Tangerang","Klinik","March    "
"CUST55560","2022-02-18","ACYCLOVIR DUS","OGB & PH",12,"DUS",96000,1152000,"APOTEK TAPAK","Aceh","Apotek","February "
"CUST55540","2022-01-23","ACYCLOVIR DUS","OGB & PH",76,"DUS",96000,7296000,"APOTEK MERDEKA","Bandung","Apotek","January  "
"CUST55646","2022-05-15","ACYCLOVIR DUS","OGB & PH",130,"DUS",96000,12480000,"KLINIK SAHABAT","Tangerang","Klinik","May      "
"CUST55640","2022-04-18","ACYCLOVIR DUS","OGB & PH",22,"DUS",96000,2112000,"APOTEK SINAR JAYA","Bekasi","Apotek","April    "
"CUST55630","2022-04-29","ACYCLOVIR DUS","OGB & PH",34,"DUS",96000,3264000,"APOTEK MERDEKA","Bandung","Apotek","April    "
"CUST55470","2022-01-31","ACYCLOVIR DUS","OGB & PH",10,"DUS",96000,960000,"APOTEK TAPAK","Aceh","Apotek","January  "
"CUST55450","2022-01-23","ACYCLOVIR DUS","OGB & PH",24,"DUS",96000,2304000,"APOTEK MERDEKA","Bandung","Apotek","January  "
"CUST55436","2022-01-27","ACYCLOVIR DUS","OGB & PH",34,"DUS",96000,3264000,"KLINIK SAHABAT","Tangerang","Klinik","January  "
"CUST55500","2022-01-31","ACYCLOVIR DUS","OGB & PH",18,"DUS",96000,1728000,"APOTEK TAPAK","Aceh","Apotek","January  "
"CUST55680","2022-06-04","ACYCLOVIR DUS","OGB & PH",4,"DUS",96000,384000,"APOTEK TAPAK","Aceh","Apotek","June     "
"CUST55430","2022-01-27","ACYCLOVIR DUS","OGB & PH",45,"DUS",96000,4320000,"APOTEK SINAR JAYA","Bekasi","Apotek","January  "
"CUST55720","2022-05-02","ACYCLOVIR DUS","OGB & PH",78,"DUS",96000,7488000,"APOTEK MERDEKA","Bandung","Apotek","May      "
"CUST55496","2022-01-27","ACYCLOVIR DUS","OGB & PH",15,"DUS",96000,1440000,"KLINIK SAHABAT","Tangerang","Klinik","January  "
"CUST55410","2022-01-31","ACYCLOVIR DUS","OGB & PH",22,"DUS",96000,2112000,"APOTEK TAPAK","Aceh","Apotek","January  "
"CUST55600","2022-03-30","ACYCLOVIR DUS","OGB & PH",12,"DUS",96000,1152000,"APOTEK MERDEKA","Bandung","Apotek","March    "
"CUST55466","2022-01-27","ACYCLOVIR DUS","OGB & PH",24,"DUS",96000,2304000,"KLINIK SAHABAT","Tangerang","Klinik","January  "
"CUST55530","2022-01-31","ACYCLOVIR DUS","OGB & PH",45,"DUS",96000,4320000,"APOTEK TAPAK","Aceh","Apotek","January  "
"CUST55570","2022-02-28","ACYCLOVIR DUS","OGB & PH",5,"DUS",96000,480000,"APOTEK MERDEKA","Bandung","Apotek","February "
"CUST55490","2022-01-27","ACYCLOVIR DUS","OGB & PH",12,"DUS",96000,1152000,"APOTEK SINAR JAYA","Bekasi","Apotek","January  "
"CUST55550","2022-02-08","ACYCLOVIR DUS","OGB & PH",12,"DUS",96000,1152000,"APOTEK SINAR JAYA","Bekasi","Apotek","February "
"CUST55440","2022-01-31","ACYCLOVIR DUS","OGB & PH",79,"DUS",96000,7584000,"APOTEK TAPAK","Aceh","Apotek","January  "
"CUST55526","2022-01-27","ACYCLOVIR DUS","OGB & PH",78,"DUS",96000,7488000,"KLINIK SAHABAT","Tangerang","Klinik","January  "
"CUST55670","2022-05-25","ACYCLOVIR DUS","OGB & PH",9,"DUS",96000,864000,"APOTEK SINAR JAYA","Bekasi","Apotek","May      "
"CUST55590","2022-03-20","ACYCLOVIR DUS","OGB & PH",14,"DUS",96000,1344000,"APOTEK TAPAK","Aceh","Apotek","March    "
"CUST55616","2022-04-15","ACYCLOVIR DUS","OGB & PH",4,"DUS",96000,384000,"KLINIK SAHABAT","Tangerang","Klinik","April    "
"CUST55420","2022-01-23","ACYCLOVIR DUS","OGB & PH",98,"DUS",96000,9408000,"APOTEK MERDEKA","Bandung","Apotek","January  "
"CUST55460","2022-01-27","ACYCLOVIR DUS","OGB & PH",9,"DUS",96000,864000,"APOTEK SINAR JAYA","Bekasi","Apotek","January  "
"CUST55380","2022-01-20","ACYCLOVIR DUS","OGB & PH",1,"DUS",96000,96000,"APOTEK TAPAK","Aceh","Apotek","January  "
"CUST55650","2022-05-19","ACYCLOVIR DUS","OGB & PH",98,"DUS",96000,9408000,"APOTEK TAPAK","Aceh","Apotek","May      "
"CUST55556","2022-02-14","ACYCLOVIR DUS","OGB & PH",8,"DUS",96000,768000,"KLINIK SAHABAT","Tangerang","Klinik","February "
"CUST55690","2022-06-14","ACYCLOVIR DUS","OGB & PH",15,"DUS",96000,1440000,"APOTEK MERDEKA","Bandung","Apotek","June     "
"CUST55520","2022-01-27","ACYCLOVIR DUS","OGB & PH",8,"DUS",96000,768000,"APOTEK SINAR JAYA","Bekasi","Apotek","January  "
"CUST55676","2022-05-31","ACYCLOVIR DUS","OGB & PH",5,"DUS",96000,480000,"KLINIK SAHABAT","Tangerang","Klinik","May      "
"CUST55480","2022-01-23","ACYCLOVIR DUS","OGB & PH",13,"DUS",96000,1248000,"APOTEK MERDEKA","Bandung","Apotek","January  "
"CUST55706","2022-05-03","ACYCLOVIR DUS","OGB & PH",10,"DUS",96000,960000,"KLINIK SAHABAT","Tangerang","Klinik","May      "
"CUST55710","2022-05-02","ACYCLOVIR DUS","OGB & PH",67,"DUS",96000,6432000,"APOTEK TAPAK","Aceh","Apotek","May      "
"CUST55580","2022-03-10","ACYCLOVIR DUS","OGB & PH",9,"DUS",96000,864000,"APOTEK SINAR JAYA","Bekasi","Apotek","March    "
"CUST55610","2022-04-09","ACYCLOVIR DUS","OGB & PH",23,"DUS",96000,2208000,"APOTEK SINAR JAYA","Bekasi","Apotek","April    "
"CUST55400","2022-01-27","ACYCLOVIR DUS","OGB & PH",12,"DUS",96000,1152000,"APOTEK SINAR JAYA","Bekasi","Apotek","January  "
"CUST55406","2022-01-27","ACYCLOVIR DUS","OGB & PH",12,"DUS",96000,1152000,"KLINIK SAHABAT","Tangerang","Klinik","January  "
"CUST55510","2022-01-23","ACYCLOVIR DUS","OGB & PH",14,"DUS",96000,1344000,"APOTEK MERDEKA","Bandung","Apotek","January  "
"CUST55660","2022-04-20","ACYCLOVIR DUS","OGB & PH",24,"DUS",96000,2304000,"APOTEK MERDEKA","Bandung","Apotek","April    "
"CUST55620","2022-04-19","ACYCLOVIR DUS","OGB & PH",7,"DUS",96000,672000,"APOTEK TAPAK","Aceh","Apotek","April    "
"CUST55591","2022-03-21","ALERGINE TABLET SALUT","ETIKAL",34,"DUS",112000,3808000,"APOTEK MAJA","Kuningan","Apotek","March    "
"CUST55481","2022-01-30","ALERGINE TABLET SALUT","ETIKAL",1,"DUS",112000,112000,"KLINIK SAHABAT","Tangerang","Klinik","January  "
"CUST55707","2022-06-16","ALERGINE TABLET SALUT","ETIKAL",23,"DUS",112000,2576000,"APOTEK SINAR JAYA","Bekasi","Apotek","June     "
"CUST55711","2022-05-03","ALERGINE TABLET SALUT","ETIKAL",98,"DUS",112000,10976000,"APOTEK MAJA","Kuningan","Apotek","May      "
"CUST55441","2022-02-01","ALERGINE TABLET SALUT","ETIKAL",12,"DUS",112000,1344000,"APOTEK MAJA","Kuningan","Apotek","February "
"CUST55491","2022-01-28","ALERGINE TABLET SALUT","ETIKAL",12,"DUS",112000,1344000,"APOTEK SAHABAT","Padang","Apotek","January  "
"CUST55551","2022-02-09","ALERGINE TABLET SALUT","ETIKAL",10,"DUS",112000,1120000,"APOTEK SAHABAT","Padang","Apotek","February "
"CUST55601","2022-03-31","ALERGINE TABLET SALUT","ETIKAL",25,"DUS",112000,2800000,"KLINIK SAHABAT","Tangerang","Klinik","March    "
"CUST55617","2022-04-16","ALERGINE TABLET SALUT","ETIKAL",8,"DUS",112000,896000,"APOTEK SINAR JAYA","Bekasi","Apotek","April    "
"CUST55497","2022-01-28","ALERGINE TABLET SALUT","ETIKAL",12,"DUS",112000,1344000,"APOTEK SINAR JAYA","Bekasi","Apotek","January  "
"CUST55631","2022-04-30","ALERGINE TABLET SALUT","ETIKAL",44,"DUS",112000,4928000,"KLINIK SAHABAT","Tangerang","Klinik","April    "
"CUST55451","2022-01-30","ALERGINE TABLET SALUT","ETIKAL",10,"DUS",112000,1120000,"KLINIK SAHABAT","Tangerang","Klinik","January  "
"CUST55381","2022-01-20","ALERGINE TABLET SALUT","ETIKAL",5,"DUS",112000,560000,"APOTEK MAJA","Kuningan","Apotek","January  "
"CUST55401","2022-01-28","ALERGINE TABLET SALUT","ETIKAL",25,"DUS",112000,2800000,"APOTEK SAHABAT","Padang","Apotek","January  "
"CUST55531","2022-02-01","ALERGINE TABLET SALUT","ETIKAL",34,"DUS",112000,3808000,"APOTEK MAJA","Kuningan","Apotek","February "
"CUST55521","2022-01-28","ALERGINE TABLET SALUT","ETIKAL",9,"DUS",112000,1008000,"APOTEK SAHABAT","Padang","Apotek","January  "
"CUST55647","2022-05-16","ALERGINE TABLET SALUT","ETIKAL",12,"DUS",112000,1344000,"APOTEK SINAR JAYA","Bekasi","Apotek","May      "
"CUST55641","2022-04-19","ALERGINE TABLET SALUT","ETIKAL",12,"DUS",112000,1344000,"APOTEK SAHABAT","Padang","Apotek","April    "
"CUST55621","2022-04-20","ALERGINE TABLET SALUT","ETIKAL",100,"DUS",112000,11200000,"APOTEK MAJA","Kuningan","Apotek","April    "
"CUST55467","2022-01-28","ALERGINE TABLET SALUT","ETIKAL",10,"DUS",112000,1120000,"APOTEK SINAR JAYA","Bekasi","Apotek","January  "
"CUST55561","2022-02-19","ALERGINE TABLET SALUT","ETIKAL",25,"DUS",112000,2800000,"APOTEK MAJA","Kuningan","Apotek","February "
"CUST55421","2022-01-30","ALERGINE TABLET SALUT","ETIKAL",5,"DUS",112000,560000,"KLINIK SAHABAT","Tangerang","Klinik","January  "
"CUST55721","2022-05-03","ALERGINE TABLET SALUT","ETIKAL",45,"DUS",112000,5040000,"KLINIK SAHABAT","Tangerang","Klinik","May      "
"CUST55407","2022-01-28","ALERGINE TABLET SALUT","ETIKAL",25,"DUS",112000,2800000,"APOTEK SINAR JAYA","Bekasi","Apotek","January  "
"CUST55677","2022-06-01","ALERGINE TABLET SALUT","ETIKAL",9,"DUS",112000,1008000,"APOTEK SINAR JAYA","Bekasi","Apotek","June     "
"CUST55557","2022-02-15","ALERGINE TABLET SALUT","ETIKAL",9,"DUS",112000,1008000,"APOTEK SINAR JAYA","Bekasi","Apotek","February "
"CUST55661","2022-04-18","ALERGINE TABLET SALUT","ETIKAL",10,"DUS",112000,1120000,"KLINIK SAHABAT","Tangerang","Klinik","April    "
"CUST55391","2022-01-30","ALERGINE TABLET SALUT","ETIKAL",17,"DUS",112000,1904000,"KLINIK SAHABAT","Tangerang","Klinik","January  "
"CUST55501","2022-02-01","ALERGINE TABLET SALUT","ETIKAL",18,"DUS",112000,2016000,"APOTEK MAJA","Kuningan","Apotek","February "
"CUST55527","2022-01-28","ALERGINE TABLET SALUT","ETIKAL",45,"DUS",112000,5040000,"APOTEK SINAR JAYA","Bekasi","Apotek","January  "
"CUST55611","2022-04-10","ALERGINE TABLET SALUT","ETIKAL",12,"DUS",112000,1344000,"APOTEK SAHABAT","Padang","Apotek","April    "
"CUST55581","2022-03-11","ALERGINE TABLET SALUT","ETIKAL",1,"DUS",112000,112000,"APOTEK SAHABAT","Padang","Apotek","March    "
"CUST55431","2022-01-28","ALERGINE TABLET SALUT","ETIKAL",34,"DUS",112000,3808000,"APOTEK SAHABAT","Padang","Apotek","January  "
"CUST55691","2022-06-15","ALERGINE TABLET SALUT","ETIKAL",12,"DUS",112000,1344000,"KLINIK SAHABAT","Tangerang","Klinik","June     "
"CUST55671","2022-05-26","ALERGINE TABLET SALUT","ETIKAL",1,"DUS",112000,112000,"APOTEK SAHABAT","Padang","Apotek","May      "
"CUST55541","2022-01-30","ALERGINE TABLET SALUT","ETIKAL",48,"DUS",112000,5376000,"KLINIK SAHABAT","Tangerang","Klinik","January  "
"CUST55437","2022-01-28","ALERGINE TABLET SALUT","ETIKAL",44,"DUS",112000,4928000,"APOTEK SINAR JAYA","Bekasi","Apotek","January  "
"CUST55511","2022-01-30","ALERGINE TABLET SALUT","ETIKAL",24,"DUS",112000,2688000,"KLINIK SAHABAT","Tangerang","Klinik","January  "
"CUST55681","2022-06-05","ALERGINE TABLET SALUT","ETIKAL",2,"DUS",112000,224000,"APOTEK MAJA","Kuningan","Apotek","June     "
"CUST55587","2022-03-17","ALERGINE TABLET SALUT","ETIKAL",12,"DUS",112000,1344000,"APOTEK SINAR JAYA","Bekasi","Apotek","March    "
"CUST55571","2022-03-01","ALERGINE TABLET SALUT","ETIKAL",4,"DUS",112000,448000,"KLINIK SAHABAT","Tangerang","Klinik","March    "
"CUST55411","2022-02-01","ALERGINE TABLET SALUT","ETIKAL",12,"DUS",112000,1344000,"APOTEK MAJA","Kuningan","Apotek","February "
"CUST55471","2022-02-01","ALERGINE TABLET SALUT","ETIKAL",67,"DUS",112000,7504000,"APOTEK MAJA","Kuningan","Apotek","February "
"CUST55701","2022-05-03","ALERGINE TABLET SALUT","ETIKAL",22,"DUS",112000,2464000,"APOTEK SAHABAT","Padang","Apotek","May      "
"CUST55461","2022-01-28","ALERGINE TABLET SALUT","ETIKAL",21,"DUS",112000,2352000,"APOTEK SAHABAT","Padang","Apotek","January  "
"CUST55651","2022-05-20","ALERGINE TABLET SALUT","ETIKAL",5,"DUS",112000,560000,"APOTEK MAJA","Kuningan","Apotek","May      "
"CUST55712","2022-06-16","AMPICILLIN","MARCKS",5,"BOTOL",17000,85000,"KLINIK GM","Jakarta","Klinik","June     "
"CUST55528","2022-01-23","AMPICILLIN","MARCKS",34,"BOTOL",17000,578000,"APOTEK SAHABAT","Padang","Apotek","January  "
"CUST55422","2022-01-31","AMPICILLIN","MARCKS",4,"BOTOL",17000,68000,"APOTEK SINAR JAYA","Bekasi","Apotek","January  "
"CUST55592","2022-03-22","AMPICILLIN","MARCKS",67,"BOTOL",17000,1139000,"KLINIK GM","Jakarta","Klinik","March    "
"CUST55572","2022-03-02","AMPICILLIN","MARCKS",8,"BOTOL",17000,136000,"APOTEK SINAR JAYA","Bekasi","Apotek","March    "
"CUST55588","2022-03-18","AMPICILLIN","MARCKS",12,"BOTOL",17000,204000,"APOTEK SAHABAT","Padang","Apotek","March    "
"CUST55552","2022-02-10","AMPICILLIN","MARCKS",67,"BOTOL",17000,1139000,"APOTEK TAPAK","Aceh","Apotek","February "
"CUST55472","2022-01-27","AMPICILLIN","MARCKS",98,"BOTOL",17000,1666000,"KLINIK GM","Jakarta","Klinik","January  "
"CUST55432","2022-01-23","AMPICILLIN","MARCKS",20,"BOTOL",17000,340000,"APOTEK TAPAK","Aceh","Apotek","January  "
"CUST55452","2022-01-31","AMPICILLIN","MARCKS",130,"BOTOL",17000,2210000,"APOTEK SINAR JAYA","Bekasi","Apotek","January  "
"CUST55672","2022-05-27","AMPICILLIN","MARCKS",5,"BOTOL",17000,85000,"APOTEK TAPAK","Aceh","Apotek","May      "
"CUST55532","2022-01-27","AMPICILLIN","MARCKS",34,"BOTOL",17000,578000,"KLINIK GM","Jakarta","Klinik","January  "
"CUST55512","2022-01-31","AMPICILLIN","MARCKS",10,"BOTOL",17000,170000,"APOTEK SINAR JAYA","Bekasi","Apotek","January  "
"CUST55648","2022-05-17","AMPICILLIN","MARCKS",10,"BOTOL",17000,170000,"APOTEK SAHABAT","Padang","Apotek","May      "
"CUST55662","2022-04-19","AMPICILLIN","MARCKS",120,"BOTOL",17000,2040000,"APOTEK SINAR JAYA","Bekasi","Apotek","April    "
"CUST55558","2022-02-16","AMPICILLIN","MARCKS",21,"BOTOL",17000,357000,"APOTEK SAHABAT","Padang","Apotek","February "
"CUST55562","2022-02-20","AMPICILLIN","MARCKS",14,"BOTOL",17000,238000,"KLINIK GM","Jakarta","Klinik","February "
"CUST55632","2022-05-01","AMPICILLIN","MARCKS",5,"BOTOL",17000,85000,"APOTEK SINAR JAYA","Bekasi","Apotek","May      "
"CUST55382","2022-01-21","AMPICILLIN","MARCKS",9,"BOTOL",17000,153000,"KLINIK GM","Jakarta","Klinik","January  "
"CUST55622","2022-04-21","AMPICILLIN","MARCKS",67,"BOTOL",17000,1139000,"KLINIK GM","Jakarta","Klinik","April    "
"CUST55502","2022-01-27","AMPICILLIN","MARCKS",19,"BOTOL",17000,323000,"KLINIK GM","Jakarta","Klinik","January  "
"CUST55612","2022-04-11","AMPICILLIN","MARCKS",10,"BOTOL",17000,170000,"APOTEK TAPAK","Aceh","Apotek","April    "
"CUST55692","2022-06-16","AMPICILLIN","MARCKS",25,"BOTOL",17000,425000,"APOTEK SINAR JAYA","Bekasi","Apotek","June     "
"CUST55408","2022-01-23","AMPICILLIN","MARCKS",14,"BOTOL",17000,238000,"APOTEK SAHABAT","Padang","Apotek","January  "
"CUST55442","2022-01-27","AMPICILLIN","MARCKS",95,"BOTOL",17000,1615000,"KLINIK GM","Jakarta","Klinik","January  "
"CUST55682","2022-06-06","AMPICILLIN","MARCKS",17,"BOTOL",17000,289000,"KLINIK GM","Jakarta","Klinik","June     "
"CUST55708","2022-04-30","AMPICILLIN","MARCKS",12,"BOTOL",17000,204000,"APOTEK SAHABAT","Padang","Apotek","April    "
"CUST55602","2022-04-01","AMPICILLIN","MARCKS",14,"BOTOL",17000,238000,"APOTEK SINAR JAYA","Bekasi","Apotek","April    "
"CUST55678","2022-06-02","AMPICILLIN","MARCKS",1,"BOTOL",17000,17000,"APOTEK SAHABAT","Padang","Apotek","June     "
"CUST55702","2022-06-16","AMPICILLIN","MARCKS",12,"BOTOL",17000,204000,"APOTEK TAPAK","Aceh","Apotek","June     "
"CUST55492","2022-01-23","AMPICILLIN","MARCKS",25,"BOTOL",17000,425000,"APOTEK TAPAK","Aceh","Apotek","January  "
"CUST55618","2022-04-17","AMPICILLIN","MARCKS",9,"BOTOL",17000,153000,"APOTEK SAHABAT","Padang","Apotek","April    "
"CUST55468","2022-01-23","AMPICILLIN","MARCKS",120,"BOTOL",17000,2040000,"APOTEK SAHABAT","Padang","Apotek","January  "
"CUST55438","2022-01-23","AMPICILLIN","MARCKS",5,"BOTOL",17000,85000,"APOTEK SAHABAT","Padang","Apotek","January  "
"CUST55542","2022-01-31","AMPICILLIN","MARCKS",21,"BOTOL",17000,357000,"APOTEK SINAR JAYA","Bekasi","Apotek","January  "
"CUST55642","2022-04-20","AMPICILLIN","MARCKS",25,"BOTOL",17000,425000,"APOTEK TAPAK","Aceh","Apotek","April    "
"CUST55392","2022-01-31","AMPICILLIN","MARCKS",11,"BOTOL",17000,187000,"APOTEK SINAR JAYA","Bekasi","Apotek","January  "
"CUST55498","2022-01-23","AMPICILLIN","MARCKS",25,"BOTOL",17000,425000,"APOTEK SAHABAT","Padang","Apotek","January  "
"CUST55652","2022-05-21","AMPICILLIN","MARCKS",4,"BOTOL",17000,68000,"KLINIK GM","Jakarta","Klinik","May      "
"CUST55412","2022-01-27","AMPICILLIN","MARCKS",25,"BOTOL",17000,425000,"KLINIK GM","Jakarta","Klinik","January  "
"CUST55462","2022-01-23","AMPICILLIN","MARCKS",22,"BOTOL",17000,374000,"APOTEK TAPAK","Aceh","Apotek","January  "
"CUST55522","2022-01-23","AMPICILLIN","MARCKS",10,"BOTOL",17000,170000,"APOTEK TAPAK","Aceh","Apotek","January  "
"CUST55402","2022-01-23","AMPICILLIN","MARCKS",14,"BOTOL",17000,238000,"APOTEK TAPAK","Aceh","Apotek","January  "
"CUST55582","2022-03-12","AMPICILLIN","MARCKS",23,"BOTOL",17000,391000,"APOTEK TAPAK","Aceh","Apotek","March    "
"CUST55722","2022-06-16","AMPICILLIN","MARCKS",34,"BOTOL",17000,578000,"APOTEK SINAR JAYA","Bekasi","Apotek","June     "
"CUST55482","2022-01-31","AMPICILLIN","MARCKS",5,"BOTOL",17000,85000,"APOTEK SINAR JAYA","Bekasi","Apotek","January  "
"CUST55653","2022-05-22","TRAMADOL KAPSUL 50 MG","VNS",8,"KAPSUL",24500,196000,"APOTEK MERDEKA","Bandung","Apotek","May      "
"CUST55693","2022-04-30","TRAMADOL KAPSUL 50 MG","VNS",14,"KAPSUL",24500,343000,"APOTEK SAHABAT","Padang","Apotek","April    "
"CUST55463","2022-01-30","TRAMADOL KAPSUL 50 MG","VNS",12,"KAPSUL",24500,294000,"APOTEK MAJA","Kuningan","Apotek","January  "
"CUST55413","2022-01-28","TRAMADOL KAPSUL 50 MG","VNS",14,"KAPSUL",24500,343000,"APOTEK MERDEKA","Bandung","Apotek","January  "
"CUST55409","2022-01-30","TRAMADOL KAPSUL 50 MG","VNS",21,"KAPSUL",24500,514500,"KLINIK DR. ANDRI","Lampung","Klinik","January  "
"CUST55383","2022-01-22","TRAMADOL KAPSUL 50 MG","VNS",13,"KAPSUL",24500,318500,"APOTEK MERDEKA","Bandung","Apotek","January  "
"CUST55589","2022-03-19","TRAMADOL KAPSUL 50 MG","VNS",25,"KAPSUL",24500,612500,"KLINIK DR. ANDRI","Lampung","Klinik","March    "
"CUST55423","2022-02-01","TRAMADOL KAPSUL 50 MG","VNS",8,"KAPSUL",24500,196000,"APOTEK SAHABAT","Padang","Apotek","February "
"CUST55683","2022-06-07","TRAMADOL KAPSUL 50 MG","VNS",11,"KAPSUL",24500,269500,"APOTEK MERDEKA","Bandung","Apotek","June     "
"CUST55469","2022-01-30","TRAMADOL KAPSUL 50 MG","VNS",12,"KAPSUL",24500,294000,"KLINIK DR. ANDRI","Lampung","Klinik","January  "
"CUST55529","2022-01-30","TRAMADOL KAPSUL 50 MG","VNS",20,"KAPSUL",24500,490000,"KLINIK DR. ANDRI","Lampung","Klinik","January  "
"CUST55439","2022-01-30","TRAMADOL KAPSUL 50 MG","VNS",6,"KAPSUL",24500,147000,"KLINIK DR. ANDRI","Lampung","Klinik","January  "
"CUST55679","2022-06-03","TRAMADOL KAPSUL 50 MG","VNS",23,"KAPSUL",24500,563500,"KLINIK DR. ANDRI","Lampung","Klinik","June     "
"CUST55393","2022-02-01","TRAMADOL KAPSUL 50 MG","VNS",12,"KAPSUL",24500,294000,"APOTEK SAHABAT","Padang","Apotek","February "
"CUST55483","2022-02-01","TRAMADOL KAPSUL 50 MG","VNS",9,"KAPSUL",24500,220500,"APOTEK SAHABAT","Padang","Apotek","February "
"CUST55453","2022-02-01","TRAMADOL KAPSUL 50 MG","VNS",12,"KAPSUL",24500,294000,"APOTEK SAHABAT","Padang","Apotek","February "
"CUST55709","2022-05-01","TRAMADOL KAPSUL 50 MG","VNS",10,"KAPSUL",24500,245000,"KLINIK DR. ANDRI","Lampung","Klinik","May      "
"CUST55443","2022-01-28","TRAMADOL KAPSUL 50 MG","VNS",76,"KAPSUL",24500,1862000,"APOTEK MERDEKA","Bandung","Apotek","January  "
"CUST55533","2022-01-28","TRAMADOL KAPSUL 50 MG","VNS",34,"KAPSUL",24500,833000,"APOTEK MERDEKA","Bandung","Apotek","January  "
"CUST55613","2022-04-12","TRAMADOL KAPSUL 50 MG","VNS",67,"KAPSUL",24500,1641500,"APOTEK MAJA","Kuningan","Apotek","April    "
"CUST55593","2022-03-23","TRAMADOL KAPSUL 50 MG","VNS",15,"KAPSUL",24500,367500,"APOTEK MERDEKA","Bandung","Apotek","March    "
"CUST55603","2022-04-02","TRAMADOL KAPSUL 50 MG","VNS",21,"KAPSUL",24500,514500,"APOTEK SAHABAT","Padang","Apotek","April    "
"CUST55713","2022-04-30","TRAMADOL KAPSUL 50 MG","VNS",4,"KAPSUL",24500,98000,"APOTEK MERDEKA","Bandung","Apotek","April    "
"CUST55583","2022-03-13","TRAMADOL KAPSUL 50 MG","VNS",4,"KAPSUL",24500,98000,"APOTEK MAJA","Kuningan","Apotek","March    "
"CUST55723","2022-04-30","TRAMADOL KAPSUL 50 MG","VNS",20,"KAPSUL",24500,490000,"APOTEK SAHABAT","Padang","Apotek","April    "
"CUST55499","2022-01-30","TRAMADOL KAPSUL 50 MG","VNS",14,"KAPSUL",24500,343000,"KLINIK DR. ANDRI","Lampung","Klinik","January  "
"CUST55523","2022-01-30","TRAMADOL KAPSUL 50 MG","VNS",7,"KAPSUL",24500,171500,"APOTEK MAJA","Kuningan","Apotek","January  "
"CUST55433","2022-01-30","TRAMADOL KAPSUL 50 MG","VNS",45,"KAPSUL",24500,1102500,"APOTEK MAJA","Kuningan","Apotek","January  "
"CUST55673","2022-05-28","TRAMADOL KAPSUL 50 MG","VNS",9,"KAPSUL",24500,220500,"APOTEK MAJA","Kuningan","Apotek","May      "
"CUST55503","2022-01-28","TRAMADOL KAPSUL 50 MG","VNS",12,"KAPSUL",24500,294000,"APOTEK MERDEKA","Bandung","Apotek","January  "
"CUST55559","2022-02-17","TRAMADOL KAPSUL 50 MG","VNS",22,"KAPSUL",24500,539000,"KLINIK DR. ANDRI","Lampung","Klinik","February "
"CUST55493","2022-01-30","TRAMADOL KAPSUL 50 MG","VNS",14,"KAPSUL",24500,343000,"APOTEK MAJA","Kuningan","Apotek","January  "
"CUST55563","2022-02-21","TRAMADOL KAPSUL 50 MG","VNS",24,"KAPSUL",24500,588000,"APOTEK MERDEKA","Bandung","Apotek","February "
"CUST55543","2022-02-01","TRAMADOL KAPSUL 50 MG","VNS",22,"KAPSUL",24500,539000,"APOTEK SAHABAT","Padang","Apotek","February "
"CUST55573","2022-03-03","TRAMADOL KAPSUL 50 MG","VNS",9,"KAPSUL",24500,220500,"APOTEK SAHABAT","Padang","Apotek","March    "
"CUST55649","2022-05-18","TRAMADOL KAPSUL 50 MG","VNS",67,"KAPSUL",24500,1641500,"KLINIK DR. ANDRI","Lampung","Klinik","May      "
"CUST55553","2022-02-11","TRAMADOL KAPSUL 50 MG","VNS",98,"KAPSUL",24500,2401000,"APOTEK MAJA","Kuningan","Apotek","February "
"CUST55473","2022-01-28","TRAMADOL KAPSUL 50 MG","VNS",5,"KAPSUL",24500,122500,"APOTEK MERDEKA","Bandung","Apotek","January  "
"CUST55703","2022-04-30","TRAMADOL KAPSUL 50 MG","VNS",25,"KAPSUL",24500,612500,"APOTEK MAJA","Kuningan","Apotek","April    "
"CUST55513","2022-02-01","TRAMADOL KAPSUL 50 MG","VNS",23,"KAPSUL",24500,563500,"APOTEK SAHABAT","Padang","Apotek","February "
"CUST55643","2022-04-21","TRAMADOL KAPSUL 50 MG","VNS",14,"KAPSUL",24500,343000,"APOTEK MAJA","Kuningan","Apotek","April    "
"CUST55663","2022-04-20","TRAMADOL KAPSUL 50 MG","VNS",12,"KAPSUL",24500,294000,"APOTEK SAHABAT","Padang","Apotek","April    "
"CUST55623","2022-04-22","TRAMADOL KAPSUL 50 MG","VNS",78,"KAPSUL",24500,1911000,"APOTEK MERDEKA","Bandung","Apotek","April    "
"CUST55403","2022-01-30","TRAMADOL KAPSUL 50 MG","VNS",18,"KAPSUL",24500,441000,"APOTEK MAJA","Kuningan","Apotek","January  "
"CUST55619","2022-04-18","TRAMADOL KAPSUL 50 MG","VNS",10,"KAPSUL",24500,245000,"KLINIK DR. ANDRI","Lampung","Klinik","April    "
"CUST55633","2022-05-02","TRAMADOL KAPSUL 50 MG","VNS",6,"KAPSUL",24500,147000,"APOTEK SAHABAT","Padang","Apotek","May      "
"CUST55474","2022-01-23","KLORPROMAZINA TABLET SALUT SELAPUT 100 MG","SLCYL",4,"TABLET",47000,188000,"KLINIK SAHABAT","Tangerang","Klinik","January  "
"CUST55464","2022-01-31","KLORPROMAZINA TABLET SALUT SELAPUT 100 MG","SLCYL",25,"TABLET",47000,1175000,"KLINIK GM","Jakarta","Klinik","January  "
"CUST55584","2022-03-14","KLORPROMAZINA TABLET SALUT SELAPUT 100 MG","SLCYL",2,"TABLET",47000,94000,"KLINIK GM","Jakarta","Klinik","March    "
"CUST55614","2022-04-13","KLORPROMAZINA TABLET SALUT SELAPUT 100 MG","SLCYL",98,"TABLET",47000,4606000,"KLINIK GM","Jakarta","Klinik","April    "
"CUST55554","2022-02-12","KLORPROMAZINA TABLET SALUT SELAPUT 100 MG","SLCYL",5,"TABLET",47000,235000,"KLINIK GM","Jakarta","Klinik","February "
"CUST55724","2022-05-01","KLORPROMAZINA TABLET SALUT SELAPUT 100 MG","SLCYL",45,"TABLET",47000,2115000,"KLINIK DR. ANDRI","Lampung","Klinik","May      "
"CUST55564","2022-02-22","KLORPROMAZINA TABLET SALUT SELAPUT 100 MG","SLCYL",10,"TABLET",47000,470000,"KLINIK SAHABAT","Tangerang","Klinik","February "
"CUST55384","2022-01-23","KLORPROMAZINA TABLET SALUT SELAPUT 100 MG","SLCYL",1,"TABLET",47000,47000,"KLINIK SAHABAT","Tangerang","Klinik","January  "
"CUST55684","2022-06-08","KLORPROMAZINA TABLET SALUT SELAPUT 100 MG","SLCYL",12,"TABLET",47000,564000,"KLINIK SAHABAT","Tangerang","Klinik","June     "
"CUST55644","2022-05-13","KLORPROMAZINA TABLET SALUT SELAPUT 100 MG","SLCYL",24,"TABLET",47000,1128000,"KLINIK GM","Jakarta","Klinik","May      "
"CUST55514","2022-01-27","KLORPROMAZINA TABLET SALUT SELAPUT 100 MG","SLCYL",12,"TABLET",47000,564000,"KLINIK DR. ANDRI","Lampung","Klinik","January  "
"CUST55694","2022-05-01","KLORPROMAZINA TABLET SALUT SELAPUT 100 MG","SLCYL",18,"TABLET",47000,846000,"KLINIK DR. ANDRI","Lampung","Klinik","May      "
"CUST55524","2022-01-31","KLORPROMAZINA TABLET SALUT SELAPUT 100 MG","SLCYL",100,"TABLET",47000,4700000,"KLINIK GM","Jakarta","Klinik","January  "
"CUST55604","2022-04-03","KLORPROMAZINA TABLET SALUT SELAPUT 100 MG","SLCYL",22,"TABLET",47000,1034000,"KLINIK DR. ANDRI","Lampung","Klinik","April    "
"CUST55494","2022-01-31","KLORPROMAZINA TABLET SALUT SELAPUT 100 MG","SLCYL",34,"TABLET",47000,1598000,"KLINIK GM","Jakarta","Klinik","January  "
"CUST55404","2022-01-31","KLORPROMAZINA TABLET SALUT SELAPUT 100 MG","SLCYL",18,"TABLET",47000,846000,"KLINIK GM","Jakarta","Klinik","January  "
"CUST55544","2022-02-02","KLORPROMAZINA TABLET SALUT SELAPUT 100 MG","SLCYL",12,"TABLET",47000,564000,"KLINIK DR. ANDRI","Lampung","Klinik","February "
"CUST55414","2022-01-23","KLORPROMAZINA TABLET SALUT SELAPUT 100 MG","SLCYL",24,"TABLET",47000,1128000,"KLINIK SAHABAT","Tangerang","Klinik","January  "
"CUST55424","2022-01-27","KLORPROMAZINA TABLET SALUT SELAPUT 100 MG","SLCYL",9,"TABLET",47000,423000,"KLINIK DR. ANDRI","Lampung","Klinik","January  "
"CUST55434","2022-01-31","KLORPROMAZINA TABLET SALUT SELAPUT 100 MG","SLCYL",34,"TABLET",47000,1598000,"KLINIK GM","Jakarta","Klinik","January  "
"CUST55704","2022-05-01","KLORPROMAZINA TABLET SALUT SELAPUT 100 MG","SLCYL",14,"TABLET",47000,658000,"KLINIK GM","Jakarta","Klinik","May      "
"CUST55534","2022-01-23","KLORPROMAZINA TABLET SALUT SELAPUT 100 MG","SLCYL",44,"TABLET",47000,2068000,"KLINIK SAHABAT","Tangerang","Klinik","January  "
"CUST55664","2022-05-19","KLORPROMAZINA TABLET SALUT SELAPUT 100 MG","SLCYL",10,"TABLET",47000,470000,"KLINIK DR. ANDRI","Lampung","Klinik","May      "
"CUST55634","2022-05-03","KLORPROMAZINA TABLET SALUT SELAPUT 100 MG","SLCYL",79,"TABLET",47000,3713000,"KLINIK DR. ANDRI","Lampung","Klinik","May      "
"CUST55574","2022-03-04","KLORPROMAZINA TABLET SALUT SELAPUT 100 MG","SLCYL",1,"TABLET",47000,47000,"KLINIK DR. ANDRI","Lampung","Klinik","March    "
"CUST55454","2022-01-27","KLORPROMAZINA TABLET SALUT SELAPUT 100 MG","SLCYL",10,"TABLET",47000,470000,"KLINIK DR. ANDRI","Lampung","Klinik","January  "
"CUST55714","2022-05-01","KLORPROMAZINA TABLET SALUT SELAPUT 100 MG","SLCYL",8,"TABLET",47000,376000,"KLINIK SAHABAT","Tangerang","Klinik","May      "
"CUST55504","2022-01-23","KLORPROMAZINA TABLET SALUT SELAPUT 100 MG","SLCYL",25,"TABLET",47000,1175000,"KLINIK SAHABAT","Tangerang","Klinik","January  "
"CUST55394","2022-01-27","KLORPROMAZINA TABLET SALUT SELAPUT 100 MG","SLCYL",12,"TABLET",47000,564000,"KLINIK DR. ANDRI","Lampung","Klinik","January  "
"CUST55594","2022-03-24","KLORPROMAZINA TABLET SALUT SELAPUT 100 MG","SLCYL",12,"TABLET",47000,564000,"KLINIK SAHABAT","Tangerang","Klinik","March    "
"CUST55624","2022-04-23","KLORPROMAZINA TABLET SALUT SELAPUT 100 MG","SLCYL",45,"TABLET",47000,2115000,"KLINIK SAHABAT","Tangerang","Klinik","April    "
"CUST55674","2022-05-29","KLORPROMAZINA TABLET SALUT SELAPUT 100 MG","SLCYL",13,"TABLET",47000,611000,"KLINIK GM","Jakarta","Klinik","May      "
"CUST55444","2022-01-23","KLORPROMAZINA TABLET SALUT SELAPUT 100 MG","SLCYL",48,"TABLET",47000,2256000,"KLINIK SAHABAT","Tangerang","Klinik","January  "
"CUST55484","2022-01-27","KLORPROMAZINA TABLET SALUT SELAPUT 100 MG","SLCYL",1,"TABLET",47000,47000,"KLINIK DR. ANDRI","Lampung","Klinik","January  "
"CUST55654","2022-05-23","KLORPROMAZINA TABLET SALUT SELAPUT 100 MG","SLCYL",9,"TABLET",47000,423000,"KLINIK SAHABAT","Tangerang","Klinik","May      "
"CUST55455","2022-01-28","KETOCONAZOLE TABLET 200 MG","OGB & PH",67,"TABLET",39000,2613000,"APOTEK TAPAK","Aceh","Apotek","January  "
"CUST55475","2022-01-30","KETOCONAZOLE TABLET 200 MG","OGB & PH",8,"TABLET",39000,312000,"APOTEK SINAR JAYA","Bekasi","Apotek","January  "
"CUST55575","2022-03-05","KETOCONAZOLE TABLET 200 MG","OGB & PH",5,"TABLET",39000,195000,"APOTEK TAPAK","Aceh","Apotek","March    "
"CUST55705","2022-05-02","KETOCONAZOLE TABLET 200 MG","OGB & PH",24,"TABLET",39000,936000,"APOTEK MERDEKA","Bandung","Apotek","May      "
"CUST55445","2022-01-30","KETOCONAZOLE TABLET 200 MG","OGB & PH",21,"TABLET",39000,819000,"APOTEK SINAR JAYA","Bekasi","Apotek","January  "
"CUST55515","2022-01-28","KETOCONAZOLE TABLET 200 MG","OGB & PH",10,"TABLET",39000,390000,"APOTEK TAPAK","Aceh","Apotek","January  "
"CUST55485","2022-01-28","KETOCONAZOLE TABLET 200 MG","OGB & PH",23,"TABLET",39000,897000,"APOTEK TAPAK","Aceh","Apotek","January  "
"CUST55435","2022-02-01","KETOCONAZOLE TABLET 200 MG","OGB & PH",34,"TABLET",39000,1326000,"APOTEK MERDEKA","Bandung","Apotek","February "
"CUST55385","2022-01-23","KETOCONAZOLE TABLET 200 MG","OGB & PH",5,"TABLET",39000,195000,"APOTEK SINAR JAYA","Bekasi","Apotek","January  "
"CUST55415","2022-01-30","KETOCONAZOLE TABLET 200 MG","OGB & PH",10,"TABLET",39000,390000,"APOTEK SINAR JAYA","Bekasi","Apotek","January  "
"CUST55565","2022-02-23","KETOCONAZOLE TABLET 200 MG","OGB & PH",120,"TABLET",39000,4680000,"APOTEK SINAR JAYA","Bekasi","Apotek","February "
"CUST55715","2022-05-02","KETOCONAZOLE TABLET 200 MG","OGB & PH",9,"TABLET",39000,351000,"APOTEK SINAR JAYA","Bekasi","Apotek","May      "
"CUST55625","2022-04-24","KETOCONAZOLE TABLET 200 MG","OGB & PH",34,"TABLET",39000,1326000,"APOTEK SINAR JAYA","Bekasi","Apotek","April    "
"CUST55505","2022-01-30","KETOCONAZOLE TABLET 200 MG","OGB & PH",14,"TABLET",39000,546000,"APOTEK SINAR JAYA","Bekasi","Apotek","January  "
"CUST55595","2022-03-25","KETOCONAZOLE TABLET 200 MG","OGB & PH",25,"TABLET",39000,975000,"APOTEK SINAR JAYA","Bekasi","Apotek","March    "
"CUST55695","2022-05-02","KETOCONAZOLE TABLET 200 MG","OGB & PH",18,"TABLET",39000,702000,"APOTEK TAPAK","Aceh","Apotek","May      "
"CUST55585","2022-03-15","KETOCONAZOLE TABLET 200 MG","OGB & PH",17,"TABLET",39000,663000,"APOTEK MERDEKA","Bandung","Apotek","March    "
"CUST55635","2022-04-26","KETOCONAZOLE TABLET 200 MG","OGB & PH",12,"TABLET",39000,468000,"APOTEK TAPAK","Aceh","Apotek","April    "
"CUST55605","2022-04-04","KETOCONAZOLE TABLET 200 MG","OGB & PH",12,"TABLET",39000,468000,"APOTEK TAPAK","Aceh","Apotek","April    "
"CUST55645","2022-05-14","KETOCONAZOLE TABLET 200 MG","OGB & PH",10,"TABLET",39000,390000,"APOTEK MERDEKA","Bandung","Apotek","May      "
"CUST55655","2022-05-24","KETOCONAZOLE TABLET 200 MG","OGB & PH",21,"TABLET",39000,819000,"APOTEK SINAR JAYA","Bekasi","Apotek","May      "
"CUST55405","2022-02-01","KETOCONAZOLE TABLET 200 MG","OGB & PH",19,"TABLET",39000,741000,"APOTEK MERDEKA","Bandung","Apotek","February "
"CUST55685","2022-06-09","KETOCONAZOLE TABLET 200 MG","OGB & PH",12,"TABLET",39000,468000,"APOTEK SINAR JAYA","Bekasi","Apotek","June     "
"CUST55535","2022-01-30","KETOCONAZOLE TABLET 200 MG","OGB & PH",5,"TABLET",39000,195000,"APOTEK SINAR JAYA","Bekasi","Apotek","January  "
"CUST55555","2022-02-13","KETOCONAZOLE TABLET 200 MG","OGB & PH",4,"TABLET",39000,156000,"APOTEK MERDEKA","Bandung","Apotek","February "
"CUST55495","2022-02-01","KETOCONAZOLE TABLET 200 MG","OGB & PH",67,"TABLET",39000,2613000,"APOTEK MERDEKA","Bandung","Apotek","February "
"CUST55725","2022-05-02","KETOCONAZOLE TABLET 200 MG","OGB & PH",34,"TABLET",39000,1326000,"APOTEK TAPAK","Aceh","Apotek","May      "
"CUST55465","2022-02-01","KETOCONAZOLE TABLET 200 MG","OGB & PH",14,"TABLET",39000,546000,"APOTEK MERDEKA","Bandung","Apotek","February "
"CUST55675","2022-05-30","KETOCONAZOLE TABLET 200 MG","OGB & PH",1,"TABLET",39000,39000,"APOTEK MERDEKA","Bandung","Apotek","May      "
"CUST55615","2022-04-14","KETOCONAZOLE TABLET 200 MG","OGB & PH",5,"TABLET",39000,195000,"APOTEK MERDEKA","Bandung","Apotek","April    "
"CUST55545","2022-02-03","KETOCONAZOLE TABLET 200 MG","OGB & PH",25,"TABLET",39000,975000,"APOTEK TAPAK","Aceh","Apotek","February "
"CUST55395","2022-01-28","KETOCONAZOLE TABLET 200 MG","OGB & PH",25,"TABLET",39000,975000,"APOTEK TAPAK","Aceh","Apotek","January  "
"CUST55665","2022-05-20","KETOCONAZOLE TABLET 200 MG","OGB & PH",67,"TABLET",39000,2613000,"APOTEK TAPAK","Aceh","Apotek","May      "
"CUST55525","2022-02-01","KETOCONAZOLE TABLET 200 MG","OGB & PH",67,"TABLET",39000,2613000,"APOTEK MERDEKA","Bandung","Apotek","February "
"CUST55425","2022-01-28","KETOCONAZOLE TABLET 200 MG","OGB & PH",10,"TABLET",39000,390000,"APOTEK TAPAK","Aceh","Apotek","January  "
"CUST55386","2022-01-25","ERGOTAMINE COFFEINE","ETIKAL",9,"BOTOL",64700,582300,"APOTEK SAHABAT","Padang","Apotek","January  "
"CUST55506","2022-01-31","ERGOTAMINE COFFEINE","ETIKAL",21,"BOTOL",64700,1358700,"APOTEK SAHABAT","Padang","Apotek","January  "
"CUST55626","2022-04-25","ERGOTAMINE COFFEINE","ETIKAL",20,"BOTOL",64700,1294000,"APOTEK SAHABAT","Padang","Apotek","April    "
"CUST55486","2022-01-23","ERGOTAMINE COFFEINE","ETIKAL",4,"BOTOL",64700,258800,"APOTEK MAJA","Kuningan","Apotek","January  "
"CUST55686","2022-06-10","ERGOTAMINE COFFEINE","ETIKAL",25,"BOTOL",64700,1617500,"APOTEK SAHABAT","Padang","Apotek","June     "
"CUST55636","2022-04-27","ERGOTAMINE COFFEINE","ETIKAL",95,"BOTOL",64700,6146500,"APOTEK MAJA","Kuningan","Apotek","April    "
"CUST55716","2022-05-03","ERGOTAMINE COFFEINE","ETIKAL",10,"BOTOL",64700,647000,"APOTEK SAHABAT","Padang","Apotek","May      "
"CUST55656","2022-05-25","ERGOTAMINE COFFEINE","ETIKAL",22,"BOTOL",64700,1423400,"APOTEK SAHABAT","Padang","Apotek","May      "
"CUST55426","2022-01-23","ERGOTAMINE COFFEINE","ETIKAL",7,"BOTOL",64700,452900,"APOTEK MAJA","Kuningan","Apotek","January  "
"CUST55726","2022-05-03","ERGOTAMINE COFFEINE","ETIKAL",34,"BOTOL",64700,2199800,"APOTEK MAJA","Kuningan","Apotek","May      "
"CUST55566","2022-02-24","ERGOTAMINE COFFEINE","ETIKAL",12,"BOTOL",64700,776400,"APOTEK SAHABAT","Padang","Apotek","February "
"CUST55546","2022-02-04","ERGOTAMINE COFFEINE","ETIKAL",14,"BOTOL",64700,905800,"APOTEK MAJA","Kuningan","Apotek","February "
"CUST55416","2022-01-31","ERGOTAMINE COFFEINE","ETIKAL",23,"BOTOL",64700,1488100,"APOTEK SAHABAT","Padang","Apotek","January  "
"CUST55536","2022-01-31","ERGOTAMINE COFFEINE","ETIKAL",6,"BOTOL",64700,388200,"APOTEK SAHABAT","Padang","Apotek","January  "
"CUST55666","2022-05-21","ERGOTAMINE COFFEINE","ETIKAL",98,"BOTOL",64700,6340600,"APOTEK MAJA","Kuningan","Apotek","May      "
"CUST55596","2022-03-26","ERGOTAMINE COFFEINE","ETIKAL",14,"BOTOL",64700,905800,"APOTEK SAHABAT","Padang","Apotek","March    "
"CUST55576","2022-03-06","ERGOTAMINE COFFEINE","ETIKAL",9,"BOTOL",64700,582300,"APOTEK MAJA","Kuningan","Apotek","March    "
"CUST55516","2022-01-23","ERGOTAMINE COFFEINE","ETIKAL",67,"BOTOL",64700,4334900,"APOTEK MAJA","Kuningan","Apotek","January  "
"CUST55696","2022-05-03","ERGOTAMINE COFFEINE","ETIKAL",19,"BOTOL",64700,1229300,"APOTEK MAJA","Kuningan","Apotek","May      "
"CUST55476","2022-01-31","ERGOTAMINE COFFEINE","ETIKAL",9,"BOTOL",64700,582300,"APOTEK SAHABAT","Padang","Apotek","January  "
"CUST55396","2022-01-23","ERGOTAMINE COFFEINE","ETIKAL",14,"BOTOL",64700,905800,"APOTEK MAJA","Kuningan","Apotek","January  "
"CUST55446","2022-01-31","ERGOTAMINE COFFEINE","ETIKAL",22,"BOTOL",64700,1423400,"APOTEK SAHABAT","Padang","Apotek","January  "
"CUST55456","2022-01-23","ERGOTAMINE COFFEINE","ETIKAL",98,"BOTOL",64700,6340600,"APOTEK MAJA","Kuningan","Apotek","January  "
"CUST55606","2022-04-05","ERGOTAMINE COFFEINE","ETIKAL",25,"BOTOL",64700,1617500,"APOTEK MAJA","Kuningan","Apotek","April    "
"CUST55397","2022-01-30","TETRACYCLINE KAPSUL 250 MG","MARCKS",34,"KAPSUL",9800,333200,"KLINIK GM","Jakarta","Klinik","January  "
"CUST55417","2022-02-01","TETRACYCLINE KAPSUL 250 MG","MARCKS",12,"KAPSUL",9800,117600,"APOTEK TAPAK","Aceh","Apotek","February "
"CUST55727","2022-06-16","TETRACYCLINE KAPSUL 250 MG","MARCKS",34,"KAPSUL",9800,333200,"KLINIK GM","Jakarta","Klinik","June     "
"CUST55577","2022-03-07","TETRACYCLINE KAPSUL 250 MG","MARCKS",13,"KAPSUL",9800,127400,"KLINIK GM","Jakarta","Klinik","March    "
"CUST55537","2022-02-01","TETRACYCLINE KAPSUL 250 MG","MARCKS",79,"KAPSUL",9800,774200,"APOTEK TAPAK","Aceh","Apotek","February "
"CUST55487","2022-01-30","TETRACYCLINE KAPSUL 250 MG","MARCKS",2,"KAPSUL",9800,19600,"KLINIK GM","Jakarta","Klinik","January  "
"CUST55567","2022-02-25","TETRACYCLINE KAPSUL 250 MG","MARCKS",10,"KAPSUL",9800,98000,"APOTEK TAPAK","Aceh","Apotek","February "
"CUST55667","2022-05-22","TETRACYCLINE KAPSUL 250 MG","MARCKS",5,"KAPSUL",9800,49000,"KLINIK GM","Jakarta","Klinik","May      "
"CUST55657","2022-05-26","TETRACYCLINE KAPSUL 250 MG","MARCKS",12,"KAPSUL",9800,117600,"APOTEK TAPAK","Aceh","Apotek","May      "
"CUST55547","2022-02-05","TETRACYCLINE KAPSUL 250 MG","MARCKS",24,"KAPSUL",9800,235200,"KLINIK GM","Jakarta","Klinik","February "
"CUST55477","2022-02-01","TETRACYCLINE KAPSUL 250 MG","MARCKS",1,"KAPSUL",9800,9800,"APOTEK TAPAK","Aceh","Apotek","February "
"CUST55387","2022-01-23","TETRACYCLINE KAPSUL 250 MG","MARCKS",1,"KAPSUL",9800,9800,"APOTEK TAPAK","Aceh","Apotek","January  "
"CUST55717","2022-06-16","TETRACYCLINE KAPSUL 250 MG","MARCKS",7,"KAPSUL",9800,68600,"APOTEK TAPAK","Aceh","Apotek","June     "
"CUST55687","2022-06-11","TETRACYCLINE KAPSUL 250 MG","MARCKS",14,"KAPSUL",9800,137200,"APOTEK TAPAK","Aceh","Apotek","June     "
"CUST55447","2022-02-01","TETRACYCLINE KAPSUL 250 MG","MARCKS",12,"KAPSUL",9800,117600,"APOTEK TAPAK","Aceh","Apotek","February "
"CUST55607","2022-04-06","TETRACYCLINE KAPSUL 250 MG","MARCKS",14,"KAPSUL",9800,137200,"KLINIK GM","Jakarta","Klinik","April    "
"CUST55637","2022-04-28","TETRACYCLINE KAPSUL 250 MG","MARCKS",76,"KAPSUL",9800,744800,"KLINIK GM","Jakarta","Klinik","April    "
"CUST55457","2022-01-30","TETRACYCLINE KAPSUL 250 MG","MARCKS",5,"KAPSUL",9800,49000,"KLINIK GM","Jakarta","Klinik","January  "
"CUST55517","2022-01-30","TETRACYCLINE KAPSUL 250 MG","MARCKS",98,"KAPSUL",9800,960400,"KLINIK GM","Jakarta","Klinik","January  "
"CUST55427","2022-01-30","TETRACYCLINE KAPSUL 250 MG","MARCKS",100,"KAPSUL",9800,980000,"KLINIK GM","Jakarta","Klinik","January  "
"CUST55597","2022-03-27","TETRACYCLINE KAPSUL 250 MG","MARCKS",18,"KAPSUL",9800,176400,"APOTEK TAPAK","Aceh","Apotek","March    "
"CUST55627","2022-04-26","TETRACYCLINE KAPSUL 250 MG","MARCKS",45,"KAPSUL",9800,441000,"APOTEK TAPAK","Aceh","Apotek","April    "
"CUST55697","2022-06-16","TETRACYCLINE KAPSUL 250 MG","MARCKS",12,"KAPSUL",9800,117600,"KLINIK GM","Jakarta","Klinik","June     "
"CUST55507","2022-02-01","TETRACYCLINE KAPSUL 250 MG","MARCKS",22,"KAPSUL",9800,215600,"APOTEK TAPAK","Aceh","Apotek","February "
"CUST55658","2022-04-18","AMBROXOL HC","VNS",25,"BOTOL",31000,775000,"APOTEK MAJA","Kuningan","Apotek","April    "
"CUST55638","2022-04-16","AMBROXOL HC","VNS",48,"BOTOL",31000,1488000,"APOTEK MERDEKA","Bandung","Apotek","April    "
"CUST55608","2022-04-07","AMBROXOL HC","VNS",24,"BOTOL",31000,744000,"APOTEK MERDEKA","Bandung","Apotek","April    "
"CUST55388","2022-01-27","AMBROXOL HC","VNS",23,"BOTOL",31000,713000,"APOTEK MAJA","Kuningan","Apotek","January  "
"CUST55448","2022-01-27","AMBROXOL HC","VNS",25,"BOTOL",31000,775000,"APOTEK MAJA","Kuningan","Apotek","January  "
"CUST55398","2022-01-31","AMBROXOL HC","VNS",67,"BOTOL",31000,2077000,"APOTEK MERDEKA","Bandung","Apotek","January  "
"CUST55488","2022-01-31","AMBROXOL HC","VNS",17,"BOTOL",31000,527000,"APOTEK MERDEKA","Bandung","Apotek","January  "
"CUST55428","2022-01-31","AMBROXOL HC","VNS",67,"BOTOL",31000,2077000,"APOTEK MERDEKA","Bandung","Apotek","January  "
"CUST55458","2022-01-31","AMBROXOL HC","VNS",4,"BOTOL",31000,124000,"APOTEK MERDEKA","Bandung","Apotek","January  "
"CUST55508","2022-01-27","AMBROXOL HC","VNS",12,"BOTOL",31000,372000,"APOTEK MAJA","Kuningan","Apotek","January  "
"CUST55548","2022-02-06","AMBROXOL HC","VNS",10,"BOTOL",31000,310000,"APOTEK MERDEKA","Bandung","Apotek","February "
"CUST55598","2022-03-28","AMBROXOL HC","VNS",18,"BOTOL",31000,558000,"APOTEK MAJA","Kuningan","Apotek","March    "
"CUST55728","2022-04-30","AMBROXOL HC","VNS",44,"BOTOL",31000,1364000,"APOTEK MERDEKA","Bandung","Apotek","April    "
"CUST55628","2022-04-27","AMBROXOL HC","VNS",34,"BOTOL",31000,1054000,"APOTEK MAJA","Kuningan","Apotek","April    "
"CUST55478","2022-01-27","AMBROXOL HC","VNS",5,"BOTOL",31000,155000,"APOTEK MAJA","Kuningan","Apotek","January  "
"CUST55518","2022-01-31","AMBROXOL HC","VNS",5,"BOTOL",31000,155000,"APOTEK MERDEKA","Bandung","Apotek","January  "
"CUST55568","2022-02-26","AMBROXOL HC","VNS",67,"BOTOL",31000,2077000,"APOTEK MAJA","Kuningan","Apotek","February "
"CUST55578","2022-03-08","AMBROXOL HC","VNS",1,"BOTOL",31000,31000,"APOTEK MERDEKA","Bandung","Apotek","March    "
"CUST55688","2022-06-12","AMBROXOL HC","VNS",34,"BOTOL",31000,1054000,"APOTEK MAJA","Kuningan","Apotek","June     "
"CUST55668","2022-05-23","AMBROXOL HC","VNS",4,"BOTOL",31000,124000,"APOTEK MERDEKA","Bandung","Apotek","May      "
"CUST55538","2022-01-27","AMBROXOL HC","VNS",12,"BOTOL",31000,372000,"APOTEK MAJA","Kuningan","Apotek","January  "
"CUST55698","2022-04-30","AMBROXOL HC","VNS",25,"BOTOL",31000,775000,"APOTEK MERDEKA","Bandung","Apotek","April    "
"CUST55418","2022-01-27","AMBROXOL HC","VNS",10,"BOTOL",31000,310000,"APOTEK MAJA","Kuningan","Apotek","January  "
"CUST55718","2022-04-30","AMBROXOL HC","VNS",100,"BOTOL",31000,3100000,"APOTEK MAJA","Kuningan","Apotek","April    "
"CUST55479","2022-01-28","PARACETAMOL","SLCYL",9,"BOTOL",21000,189000,"KLINIK GM","Jakarta","Klinik","January  "
"CUST55389","2022-01-28","PARACETAMOL","SLCYL",4,"BOTOL",21000,84000,"KLINIK GM","Jakarta","Klinik","January  "
"CUST55639","2022-04-17","PARACETAMOL","SLCYL",21,"BOTOL",21000,441000,"KLINIK SAHABAT","Tangerang","Klinik","April    "
"CUST55689","2022-06-13","PARACETAMOL","SLCYL",67,"BOTOL",21000,1407000,"KLINIK GM","Jakarta","Klinik","June     "
"CUST55399","2022-02-01","PARACETAMOL","SLCYL",15,"BOTOL",21000,315000,"KLINIK SAHABAT","Tangerang","Klinik","February "
"CUST55519","2022-02-01","PARACETAMOL","SLCYL",4,"BOTOL",21000,84000,"KLINIK SAHABAT","Tangerang","Klinik","February "
"CUST55609","2022-04-08","PARACETAMOL","SLCYL",10,"BOTOL",21000,210000,"KLINIK SAHABAT","Tangerang","Klinik","April    "
"CUST55549","2022-02-07","PARACETAMOL","SLCYL",130,"BOTOL",21000,2730000,"KLINIK SAHABAT","Tangerang","Klinik","February "
"CUST55509","2022-01-28","PARACETAMOL","SLCYL",25,"BOTOL",21000,525000,"KLINIK GM","Jakarta","Klinik","January  "
"CUST55719","2022-05-01","PARACETAMOL","SLCYL",67,"BOTOL",21000,1407000,"KLINIK GM","Jakarta","Klinik","May      "
"CUST55669","2022-05-24","PARACETAMOL","SLCYL",8,"BOTOL",21000,168000,"KLINIK SAHABAT","Tangerang","Klinik","May      "
"CUST55459","2022-02-01","PARACETAMOL","SLCYL",8,"BOTOL",21000,168000,"KLINIK SAHABAT","Tangerang","Klinik","February "
"CUST55489","2022-02-01","PARACETAMOL","SLCYL",11,"BOTOL",21000,231000,"KLINIK SAHABAT","Tangerang","Klinik","February "
"CUST55629","2022-04-28","PARACETAMOL","SLCYL",34,"BOTOL",21000,714000,"KLINIK GM","Jakarta","Klinik","April    "
"CUST55599","2022-03-29","PARACETAMOL","SLCYL",19,"BOTOL",21000,399000,"KLINIK GM","Jakarta","Klinik","March    "
"CUST55699","2022-05-01","PARACETAMOL","SLCYL",14,"BOTOL",21000,294000,"KLINIK SAHABAT","Tangerang","Klinik","May      "
"CUST55579","2022-03-09","PARACETAMOL","SLCYL",5,"BOTOL",21000,105000,"KLINIK SAHABAT","Tangerang","Klinik","March    "
"CUST55729","2022-05-01","PARACETAMOL","SLCYL",5,"BOTOL",21000,105000,"KLINIK SAHABAT","Tangerang","Klinik","May      "
"CUST55419","2022-01-28","PARACETAMOL","SLCYL",67,"BOTOL",21000,1407000,"KLINIK GM","Jakarta","Klinik","January  "
"CUST55449","2022-01-28","PARACETAMOL","SLCYL",14,"BOTOL",21000,294000,"KLINIK GM","Jakarta","Klinik","January  "
"CUST55429","2022-02-01","PARACETAMOL","SLCYL",78,"BOTOL",21000,1638000,"KLINIK SAHABAT","Tangerang","Klinik","February "
"CUST55569","2022-02-27","PARACETAMOL","SLCYL",98,"BOTOL",21000,2058000,"KLINIK GM","Jakarta","Klinik","February "
"CUST55659","2022-04-19","PARACETAMOL","SLCYL",14,"BOTOL",21000,294000,"KLINIK GM","Jakarta","Klinik","April    "
"CUST55539","2022-01-28","PARACETAMOL","SLCYL",95,"BOTOL",21000,1995000,"KLINIK GM","Jakarta","Klinik","January  "
